Sr No,District,Block,UDISE Code,School Name,School Category,No of Toilets,Rate per Toilet (Bill)
1,"PURNIA","AMOUR",10090301806,"","HIGH SCHOOL",4,100
1,"PURNIA","AMOUR",10090305601,"GUNANAND M S BISHNUPUR","Middle School",3,50
2,"PURNIA","AMOUR",10090300204,"","HIGH SCHOOL",8,100
2,"PURNIA","AMOUR",10090312802,"KANYA M S MAITRA","Middle School",3,50
3,"PURNIA","AMOUR",10090300405,"","HIGH SCHOOL",8,100
3,"PURNIA","AMOUR",10090305201,"KANYA M S RANGAMATI","Middle School",4,50
4,"PURNIA","AMOUR",10090301101,"KANYA P S BELGACHHI","Primary School",2,50
4,"PURNIA","AMOUR",10090305603,"","JANTA HIGH SCHOOL",8,100
5,"PURNIA","AMOUR",10090305403,"U H S BALUTOL ISLAMPUR","High School",8,100
5,"PURNIA","AMOUR",10090307302,"KANYA P S DALMALPUR","Primary School",2,50
6,"PURNIA","AMOUR",10090302901,"KANYA P S JHAUWARI","Primary School",2,50
6,"PURNIA","AMOUR",10090308504,"U M S BAGHDHAR DHURPALLI","High School",8,100
7,"PURNIA","AMOUR",10090300118,"U M S BELKA","High School",8,100
7,"PURNIA","AMOUR",10090303902,"KANYA P S KHARAHIA","Primary School",3,50
8,"PURNIA","AMOUR",10090306502,"KANYA P S KHARI","Primary School",3,50
8,"PURNIA","AMOUR",10090309404,"U M V PARTIYA","High School",4,100
9,"PURNIA","AMOUR",10090303501,"KANYA P S MILKI","Primary School",4,50
9,"PURNIA","AMOUR",10090304303,"UCHH MADHYAMIK VIDAYALAYA DAHUABARI","High School",2,100
10,"PURNIA","AMOUR",10090308706,"UCHH MADHYAMIK VIDYALAYA BARBATTA","High School",2,100
11,"PURNIA","AMOUR",10090300115,"UCHH MADHYAMIK VIDYALAYA ADHANG","High School",2,100
11,"PURNIA","AMOUR",10090304701,"KANYA P S TELANGA","Primary School",4,50
12,"PURNIA","AMOUR",10090303304,"UCHH MADHYAMIK VIDYALAYA BARA IDGAH","High School",2,100
12,"PURNIA","AMOUR",10090309301,"KANYA U M S BASATPUR","Middle School",2,50
13,"PURNIA","AMOUR",10090301202,"UCHH MADHYAMIK VIDYALAYA BHWANIPUR","High School",2,100
13,"PURNIA","AMOUR",10090309401,"M S AAMGACHHI","Middle School",3,50
14,"PURNIA","AMOUR",10090303101,"M S ADHANG","Middle School",2,50
14,"PURNIA","AMOUR",10090306808,"UCHH MADHYAMIK VIDYALAYA GYANDOV","High School",4,100
15,"PURNIA","AMOUR",10090300101,"M S AMOUR","Middle School",8,50
15,"PURNIA","AMOUR",10090317402,"UCHH MADHYAMIK VIDYALAYA HARIPUR","High School",4,100
16,"PURNIA","AMOUR",10090308501,"M S BAGDHAR","Middle School",8,50
16,"PURNIA","AMOUR",10090310004,"UCHH MADHYAMIK VIDYALAYA KHARI MIHINGAON","High School",2,100
17,"PURNIA","AMOUR",10090300903,"UCHH MADHYAMIK VIDYALAYA MEHANDIPUR BANGRA","High School",2,100
17,"PURNIA","AMOUR",10090301001,"M S BAKENIA","Middle School",3,50
18,"PURNIA","AMOUR",10090300116,"UCHH MADHYAMIK VIDYALAYA NITENDRA","High School",2,100
18,"PURNIA","AMOUR",10090303701,"M S BALUGANJ","Middle School",3,50
19,"PURNIA","AMOUR",10090305401,"M S BALUTOL ISLAMPUR","Middle School",6,50
19,"PURNIA","AMOUR",10090307605,"UCHH MADHYAMIK VIDYALAYA RANGRAIYA LALTOLI","High School",2,100
20,"PURNIA","AMOUR",10090305806,"UPGRADE MADHYAMIK SCHOOL TALBARI","High School",2,100
20,"PURNIA","AMOUR",10090309101,"M S BANGAMA","Middle School",3,50
21,"PURNIA","AMOUR",10090300801,"M S BANKORA","Middle School",3,50
21,"PURNIA","AMOUR",10094100382,"","UPGRADED H S",2,100
22,"PURNIA","AMOUR",10090302004,"UPGRADED","HIGH SCHOOL",8,100
22,"PURNIA","AMOUR",10090303001,"M S BARAIDGAH","Middle School",3,50
23,"PURNIA","AMOUR",10090302201,"","UTKRAMIT HIGH SCHOOL",3,100
23,"PURNIA","AMOUR",10090308702,"M S BARBATTA","Middle School",4,50
24,"PURNIA","AMOUR",10090301807,"","PROJECT GIRLS HIGH SCHOOL",4,100
24,"PURNIA","AMOUR",10090303801,"M S BELGACHHI","Middle School",4,50
25,"PURNIA","AMOUR",10090307801,"M S BELKA","Middle School",5,50
26,"PURNIA","AMOUR",10090309201,"M S BHATORIA","Middle School",3,50
27,"PURNIA","AMOUR",10090303301,"M S CHHAPRAILI KANYA","Middle School",3,50
28,"PURNIA","AMOUR",10090304301,"M S DAHUA BARI","Middle School",4,50
29,"PURNIA","AMOUR",10090307301,"M S DALMALPUR","Middle School",5,50
30,"PURNIA","AMOUR",10090309601,"M S DARIPUR","Middle School",4,50
31,"PURNIA","AMOUR",10090301201,"M S DHARIA","Middle School",4,50
32,"PURNIA","AMOUR",10090307201,"M S DHARIA MUZIB TOL","Middle School",3,50
33,"PURNIA","AMOUR",10090307001,"M S DORIYA","Middle School",4,50
34,"PURNIA","AMOUR",10090304801,"M S DULALGANJ","Middle School",3,50
35,"PURNIA","AMOUR",10090314801,"M S GANGAILY","Middle School",3,50
36,"PURNIA","AMOUR",10090305501,"M S GARAIYA FAKIR TOLI","Middle School",4,50
37,"PURNIA","AMOUR",10090303601,"M S GARHARA","Middle School",3,50
38,"PURNIA","AMOUR",10090306401,"M S GERUWA","Middle School",3,50
39,"PURNIA","AMOUR",10090306801,"M S GYAN DOVE","Middle School",2,50
40,"PURNIA","AMOUR",10090305701,"M S HAFANIA","Middle School",3,50
41,"PURNIA","AMOUR",10090303002,"M S HAKKA","Middle School",3,50
42,"PURNIA","AMOUR",10090305301,"M S HARIPUR","Middle School",5,50
43,"PURNIA","AMOUR",10090300201,"M S JHOWARI","Middle School",4,50
44,"PURNIA","AMOUR",10090303901,"M S KHARAHIA","Middle School",4,50
45,"PURNIA","AMOUR",10090306501,"M S KHARI","Middle School",4,50
46,"PURNIA","AMOUR",10090308801,"M S KOCHKA","Middle School",4,50
47,"PURNIA","AMOUR",10090302001,"M S LAKHNARE","Middle School",3,50
48,"PURNIA","AMOUR",10090306101,"M S MAHESH BATHANA","Middle School",3,50
49,"PURNIA","AMOUR",10090300901,"M S MOHDIPUR BANGRA","Middle School",4,50
50,"PURNIA","AMOUR",10090304201,"M S NAHARAKOL","Middle School",2,50
51,"PURNIA","AMOUR",10090300501,"M S NITENDAR","Middle School",3,50
52,"PURNIA","AMOUR",10090300701,"M S PARSARAI KANYA","Middle School",4,50
53,"PURNIA","AMOUR",10090301401,"M S PARTIA","Middle School",3,50
54,"PURNIA","AMOUR",10090316301,"M S PATHAN TOLI","Middle School",4,50
55,"PURNIA","AMOUR",10090304901,"M S PIPRA DHURPAILI","Middle School",3,50
56,"PURNIA","AMOUR",10090302402,"M S POTHIA","Middle School",4,50
57,"PURNIA","AMOUR",10090301801,"M S POTHIA BARAILI","Middle School",2,50
58,"PURNIA","AMOUR",10090308101,"M S RAHIKA TOL BELKA","Middle School",3,50
59,"PURNIA","AMOUR",10090307601,"M S RANGRAIYA LAL TOL","Middle School",2,50
60,"PURNIA","AMOUR",10090301701,"M S RASAILI","Middle School",4,50
61,"PURNIA","AMOUR",10090303401,"M S RAUTI BASAHA","Middle School",3,50
62,"PURNIA","AMOUR",10090304101,"M S SAHANGAON","Middle School",3,50
63,"PURNIA","AMOUR",10090305901,"M S SALTA","Middle School",2,50
64,"PURNIA","AMOUR",10090302601,"M S SHADIPUR","Middle School",4,50
65,"PURNIA","AMOUR",10090315601,"M S SIMALBARI BHAG DHANURAM","Middle School",2,50
66,"PURNIA","AMOUR",10090308201,"M S SIMALIYA SHIVA","Middle School",2,50
67,"PURNIA","AMOUR",10090308001,"M S SIROTOL","Middle School",2,50
68,"PURNIA","AMOUR",10090305801,"M S TALBARI","Middle School",4,50
69,"PURNIA","AMOUR",10090300301,"M S TAROUNA","Middle School",4,50
70,"PURNIA","AMOUR",10090304302,"NEW P S DAHUA BARI NAVIN","Primary School",3,50
71,"PURNIA","AMOUR",10090306402,"NEW P S GERUWA","Primary School",2,50
72,"PURNIA","AMOUR",10090303903,"NEW P S KARAMKAR TOLA KHARAHIA","Primary School",3,50
73,"PURNIA","AMOUR",10090306807,"NEW P S KARMAKAR TOLA GYANDOVE","Primary School",2,50
74,"PURNIA","AMOUR",10090313901,"NEW P S KOLHA MOHAN","Primary School",3,50
75,"PURNIA","AMOUR",10090304904,"NEW P S LAL TOLI","Primary School",3,50
76,"PURNIA","AMOUR",10090301803,"NEW P S POTHIA","Primary School",2,50
77,"PURNIA","AMOUR",10090306204,"NEW P S SEHALO PASCHIM TOLA","Primary School",2,50
78,"PURNIA","AMOUR",10090304905,"NEW P S UCHIT GRAM PIPRA","Primary School",3,50
79,"PURNIA","AMOUR",10090312601,"P S AAGAGANJ SHADIPUR","Primary School",2,50
80,"PURNIA","AMOUR",10090313601,"P S AGACHIYA RATHOUR TOLA","Primary School",2,50
81,"PURNIA","AMOUR",10090316901,"P S AMANPUR BALWA TOLI","Primary School",2,50
82,"PURNIA","AMOUR",10090305602,"P S ASHARNA UTTAR TOL","Primary School",2,50
83,"PURNIA","AMOUR",10090302002,"P S ASIYANI","Primary School",2,50
84,"PURNIA","AMOUR",10090307701,"P S BABHAN DOVE","Primary School",2,50
85,"PURNIA","AMOUR",10090316201,"P S BAGHWA KOLA","Primary School",5,50
86,"PURNIA","AMOUR",10090315701,"P S BAHADARPUR","Primary School",2,50
87,"PURNIA","AMOUR",10090306001,"P S BAZAR DIH","Primary School",2,50
88,"PURNIA","AMOUR",10090317201,"P S BENGDHA","Primary School",2,50
89,"PURNIA","AMOUR",10090306203,"P S BHARGAMA","Primary School",4,50
90,"PURNIA","AMOUR",10090306202,"P S BHAWANIPUR","Primary School",4,50
91,"PURNIA","AMOUR",10090316003,"P S BHOKRI NOORGANJ","Primary School",3,50
92,"PURNIA","AMOUR",10090301503,"P S BHOKRI PURAB TOLA","Primary School",3,50
93,"PURNIA","AMOUR",10090316001,"P S BIJALIYA","Primary School",2,50
94,"PURNIA","AMOUR",10090310302,"P S CHAMPA BARAILI","Primary School",3,50
95,"PURNIA","AMOUR",10090300802,"P S CHHAPRELI","Primary School",3,50
96,"PURNIA","AMOUR",10090304601,"P S CHHATTAR BHOG","Primary School",2,50
97,"PURNIA","AMOUR",10090315101,"P S CHHOTA LAL TOLI","Primary School",3,50
98,"PURNIA","AMOUR",10090307101,"P S DAMRAHA","Primary School",2,50
99,"PURNIA","AMOUR",10090300205,"P S DHATTA IDGAHA TOLA","Primary School",2,50
100,"PURNIA","AMOUR",10090309001,"P S DUMRA","Primary School",3,50
101,"PURNIA","AMOUR",10090316401,"P S DUMRI","Primary School",7,50
102,"PURNIA","AMOUR",10090311501,"P S EKRA GHAT TOLA","Primary School",2,50
103,"PURNIA","AMOUR",10090316801,"P S GACHHGARAIYA","Primary School",3,50
104,"PURNIA","AMOUR",10090315401,"P S GARKAILI","Primary School",3,50
105,"PURNIA","AMOUR",10090301901,"P S GERIA","Primary School",2,50
106,"PURNIA","AMOUR",10090308401,"P S GYAN DOVE TOLA SIMALBARI","Primary School",3,50
107,"PURNIA","AMOUR",10090309402,"P S HAKAILY","Primary School",3,50
108,"PURNIA","AMOUR",10090316501,"P S HARIPUR NOORI TOLA","Primary School",2,50
109,"PURNIA","AMOUR",10090301802,"P S HAT BARAILI","Primary School",2,50
110,"PURNIA","AMOUR",10090302003,"P S JAMIRA","Primary School",2,50
111,"PURNIA","AMOUR",10090313602,"P S KADGAMA TOLA BANGAMA","Primary School",2,50
112,"PURNIA","AMOUR",10090304401,"P S KAIRIYA","Primary School",5,50
113,"PURNIA","AMOUR",10090304501,"P S KAPARIA BANGAMA","Primary School",2,50
114,"PURNIA","AMOUR",10090302501,"P S KEMA BALWA","Primary School",4,50
115,"PURNIA","AMOUR",10090317101,"P S KHAMALA","Primary School",5,50
116,"PURNIA","AMOUR",10090315702,"P S KHANKHA TOLA","Primary School",3,50
117,"PURNIA","AMOUR",10090306901,"P S KHEMIYA","Primary School",2,50
118,"PURNIA","AMOUR",10090308602,"P S KISMAT NAGAR","Primary School",2,50
119,"PURNIA","AMOUR",10090313201,"P S KOLHATOLI BANBHAG","Primary School",3,50
120,"PURNIA","AMOUR",10090308802,"P S KOTHI SIDDHIKI TOLA KOCHKA","Primary School",4,50
121,"PURNIA","AMOUR",10090300202,"P S KUMHARWA SOUTH","Primary School",2,50
122,"PURNIA","AMOUR",10090308901,"P S LADHAIA LAL TOLI","Primary School",3,50
123,"PURNIA","AMOUR",10090306503,"P S LALCHURA","Primary School",2,50
124,"PURNIA","AMOUR",10090315801,"P S MADHWAKOLA","Primary School",2,50
125,"PURNIA","AMOUR",10090315301,"P S MAINAPUR","Primary School",3,50
126,"PURNIA","AMOUR",10090312801,"P S MAITRA IDAGAH TOL","Primary School",3,50
127,"PURNIA","AMOUR",10090309501,"P S MAJHAWA KALA","Primary School",2,50
128,"PURNIA","AMOUR",10090317301,"P S MAJHWA","Primary School",2,50
129,"PURNIA","AMOUR",10090315901,"P S MAJRAHI","Primary School",2,50
130,"PURNIA","AMOUR",10090305001,"P S MALHANA","Primary School",3,50
131,"PURNIA","AMOUR",10090303107,"P S MANWARE","Primary School",2,50
132,"PURNIA","AMOUR",10090310001,"P S MURGITOLA KHARI","Primary School",2,50
133,"PURNIA","AMOUR",10090317001,"P S MUZAFFARNAGAR","Primary School",2,50
134,"PURNIA","AMOUR",10090303303,"P S NAIM TOLA CHHAPRAILI","Primary School",2,50
135,"PURNIA","AMOUR",10090316701,"P S NEMUA","Primary School",4,50
136,"PURNIA","AMOUR",10090314601,"P S NOWAGACHHI","Primary School",2,50
137,"PURNIA","AMOUR",10090304001,"P S PALSA","Primary School",2,50
138,"PURNIA","AMOUR",10090308503,"P S PARASI TOLA","Primary School",2,50
139,"PURNIA","AMOUR",10090300702,"P S PARSARAI","Primary School",3,50
140,"PURNIA","AMOUR",10090304903,"P S PIPARA BHAG PASCHIM","Primary School",3,50
141,"PURNIA","AMOUR",10090313003,"P S PIPARA PURWARI","Primary School",2,50
142,"PURNIA","AMOUR",10090302401,"P S PRAMANPUR","Primary School",2,50
143,"PURNIA","AMOUR",10090308704,"P S PURAB TOLA BARBATTA","Primary School",4,50
144,"PURNIA","AMOUR",10090302101,"P S RAHUA","Primary School",2,50
145,"PURNIA","AMOUR",10090300601,"P S RAILI BALUWA TOLI","Primary School",3,50
146,"PURNIA","AMOUR",10090301601,"P S RAMNI","Primary School",4,50
147,"PURNIA","AMOUR",10090305202,"P S RANGAMATI RAHATBALIA","Primary School",2,50
148,"PURNIA","AMOUR",10090307502,"P S RANI TOL HABIB","Primary School",5,50
149,"PURNIA","AMOUR",10090316601,"P S RANI TOL SORHIYA","Primary School",4,50
150,"PURNIA","AMOUR",10090306201,"P S REFUGEE COLONY","Primary School",2,50
151,"PURNIA","AMOUR",10090307901,"P S SAKMA","Primary School",5,50
152,"PURNIA","AMOUR",10090307303,"P S SANTHAL TOL KARIYA","Primary School",2,50
153,"PURNIA","AMOUR",10090303003,"P S SARWAILEE KANYA","Primary School",3,50
154,"PURNIA","AMOUR",10090303006,"P S SARWAILY PURAB GHAT TOLA","Primary School",3,50
155,"PURNIA","AMOUR",10090305503,"P S SHARMA TOLI","Primary School",3,50
156,"PURNIA","AMOUR",10090306601,"P S SIMALBARI BHAG SAHRULLAH","Primary School",4,50
157,"PURNIA","AMOUR",10090308203,"P S SIMLIYA JAHANGEER TOLA","Primary School",3,50
158,"PURNIA","AMOUR",10090306301,"P S SINGHIYA","Primary School",3,50
159,"PURNIA","AMOUR",10090314701,"P S SONAPUR BANDH TOLA","Primary School",2,50
160,"PURNIA","AMOUR",10090300111,"P S TAJPUR","Primary School",2,50
161,"PURNIA","AMOUR",10090305204,"P S TALBARI TOLA","Primary School",3,50
162,"PURNIA","AMOUR",10090305804,"P S TOP TOLA","Primary School",3,50
163,"PURNIA","AMOUR",10090300404,"P S UTTAR TOLA KOCHAKA","Primary School",2,50
164,"PURNIA","AMOUR",10090304102,"P S UTTAR TOLA SAHANGAON","Primary School",3,50
165,"PURNIA","AMOUR",10090300302,"P S UTTAR TOLA TAROUNA","Primary School",2,50
166,"PURNIA","AMOUR",10090302301,"U M S KEMA RAHIYA","Middle School",3,50
167,"PURNIA","AMOUR",10090302801,"U M S KOHBARA","Middle School",3,50
168,"PURNIA","AMOUR",10090301301,"U M S MIRZAPUR","Middle School",3,50
169,"PURNIA","AMOUR",10090303201,"U M S RAMNAGAR","Middle School",5,50
170,"PURNIA","AMOUR",10090307501,"U M S RANI","Middle School",5,50
171,"PURNIA","AMOUR",10090304702,"U M S SANI TOLA KHARI","Middle School",3,50
172,"PURNIA","AMOUR",10090302701,"U M S SONAPUR BHUNA","Middle School",4,50
173,"PURNIA","AMOUR",10090307401,"UPGRADED M S FARSADENGA","Middle School",2,50
174,"PURNIA","AMOUR",10090308502,"NEW P S DHAR TOLA BAGDHAR","Primary School",4,50
175,"PURNIA","AMOUR",10090308601,"M S MANGALPUR","Middle School",2,50
176,"PURNIA","AMOUR",10090307803,"P S DEENA TOLA BELKA","Primary School",2,50
177,"PURNIA","AMOUR",10090305101,"KANYA P S PATALWA","Primary School",2,50
178,"PURNIA","AMOUR",10090305303,"P S BANGATOLI HARIPUR","Primary School",4,50